{
  "static": {
    "total_examples": 3080,
    "correct": 2254,
    "accuracy": 73.18181818181819,
    "needs_llm": 826
  },
  "llm": {
    "total_evaluated": 826,
    "correct": 415,
    "accuracy": 50.24213075060533
  },
  "combined": {
    "total_examples": 3080,
    "correct": 2669,
    "accuracy": 86.65584415584415
  }
}