{
  "static": {
    "total_examples": 3080,
    "correct": 2432,
    "accuracy": 78.96103896103897,
    "needs_llm": 648
  },
  "llm": {
    "total_evaluated": 648,
    "correct": 320,
    "accuracy": 49.382716049382715
  },
  "combined": {
    "total_examples": 3080,
    "correct": 2752,
    "accuracy": 89.35064935064935
  }
}