{
  "static": {
    "total_examples": 3080,
    "correct": 2450,
    "accuracy": 79.54545454545455,
    "needs_llm": 630
  },
  "llm": {
    "total_evaluated": 630,
    "correct": 349,
    "accuracy": 55.3968253968254
  },
  "combined": {
    "total_examples": 3080,
    "correct": 2799,
    "accuracy": 90.87662337662337
  }
}