{
  "static": {
    "total_examples": 3080,
    "correct": 2466,
    "accuracy": 80.06493506493506,
    "needs_llm": 614
  },
  "llm": {
    "total_evaluated": 614,
    "correct": 363,
    "accuracy": 59.12052117263844
  },
  "combined": {
    "total_examples": 3080,
    "correct": 2829,
    "accuracy": 91.85064935064935
  }
}