{
  "static": {
    "total_examples": 3680,
    "correct": 2686,
    "accuracy": 72.98913043478261,
    "needs_llm": 994
  },
  "llm": {
    "total_evaluated": 994,
    "correct": 368,
    "accuracy": 37.02213279678068
  },
  "combined": {
    "total_examples": 3680,
    "correct": 3054,
    "accuracy": 82.98913043478261
  }
}