{
  "static": {
    "total_examples": 3080,
    "correct": 2231,
    "accuracy": 72.43506493506493,
    "needs_llm": 849
  },
  "llm": {
    "total_evaluated": 849,
    "correct": 482,
    "accuracy": 56.77267373380448
  },
  "combined": {
    "total_examples": 3080,
    "correct": 2713,
    "accuracy": 88.08441558441558
  }
}