{
  "static": {
    "total_examples": 3680,
    "correct": 219,
    "accuracy": 5.951086956521739,
    "needs_llm": 3461
  },
  "llm": {
    "total_evaluated": 3461,
    "correct": 44,
    "accuracy": 1.2713088702687085
  },
  "combined": {
    "total_examples": 3680,
    "correct": 263,
    "accuracy": 7.146739130434783
  }
}