{
  "static": {
    "total_examples": 1200,
    "correct": 931,
    "accuracy": 77.58333333333334,
    "needs_llm": 269
  },
  "llm": {
    "total_evaluated": 269,
    "correct": 182,
    "accuracy": 67.65799256505576
  },
  "combined": {
    "total_examples": 1200,
    "correct": 1113,
    "accuracy": 92.75
  }
}