{
  "static": {
    "total_examples": 3680,
    "correct": 2764,
    "accuracy": 75.10869565217392,
    "needs_llm": 916
  },
  "llm": {
    "total_evaluated": 916,
    "correct": 311,
    "accuracy": 33.95196506550218
  },
  "combined": {
    "total_examples": 3680,
    "correct": 3075,
    "accuracy": 83.55978260869566
  }
}