{
  "static": {
    "total_examples": 1200,
    "correct": 838,
    "accuracy": 69.83333333333334,
    "needs_llm": 362
  },
  "llm": {
    "total_evaluated": 362,
    "correct": 229,
    "accuracy": 63.25966850828729
  },
  "combined": {
    "total_examples": 1200,
    "correct": 1067,
    "accuracy": 88.91666666666667
  }
}