{
  "static": {
    "total_examples": 1200,
    "correct": 905,
    "accuracy": 75.41666666666667,
    "needs_llm": 295
  },
  "llm": {
    "total_evaluated": 295,
    "correct": 183,
    "accuracy": 62.03389830508475
  },
  "combined": {
    "total_examples": 1200,
    "correct": 1088,
    "accuracy": 90.66666666666666
  }
}