{
  "static": {
    "total_examples": 3080,
    "correct": 2139,
    "accuracy": 69.44805194805195,
    "needs_llm": 941
  },
  "llm": {
    "total_evaluated": 941,
    "correct": 463,
    "accuracy": 49.202975557917114
  },
  "combined": {
    "total_examples": 3080,
    "correct": 2602,
    "accuracy": 84.48051948051948
  }
}