{
  "static": {
    "total_examples": 3080,
    "correct": 95,
    "accuracy": 3.0844155844155843,
    "needs_llm": 2985
  },
  "llm": {
    "total_evaluated": 2985,
    "correct": 72,
    "accuracy": 2.4120603015075375
  },
  "combined": {
    "total_examples": 3080,
    "correct": 167,
    "accuracy": 5.422077922077921
  }
}