{
  "static": {
    "total_examples": 1200,
    "correct": 49,
    "accuracy": 4.083333333333333,
    "needs_llm": 1151
  },
  "llm": {
    "total_evaluated": 1151,
    "correct": 78,
    "accuracy": 6.776715899218071
  },
  "combined": {
    "total_examples": 1200,
    "correct": 127,
    "accuracy": 10.583333333333334
  }
}