{
  "static": {
    "total_examples": 3680,
    "correct": 2754,
    "accuracy": 74.83695652173913,
    "needs_llm": 926
  },
  "llm": {
    "total_evaluated": 926,
    "correct": 322,
    "accuracy": 34.77321814254859
  },
  "combined": {
    "total_examples": 3680,
    "correct": 3076,
    "accuracy": 83.58695652173913
  }
}