{
  "static": {
    "total_examples": 3080,
    "correct": 2007,
    "accuracy": 65.16233766233766,
    "needs_llm": 1073
  },
  "llm": {
    "total_evaluated": 1073,
    "correct": 479,
    "accuracy": 44.64119291705499
  },
  "combined": {
    "total_examples": 3080,
    "correct": 2486,
    "accuracy": 80.71428571428572
  }
}