{
  "static": {
    "total_examples": 3680,
    "correct": 2642,
    "accuracy": 71.79347826086956,
    "needs_llm": 1038
  },
  "llm": {
    "total_evaluated": 1038,
    "correct": 436,
    "accuracy": 42.00385356454721
  },
  "combined": {
    "total_examples": 3680,
    "correct": 3078,
    "accuracy": 83.64130434782608
  }
}