{
  "static": {
    "total_examples": 3080,
    "correct": 2422,
    "accuracy": 78.63636363636364,
    "needs_llm": 658
  },
  "llm": {
    "total_evaluated": 658,
    "correct": 363,
    "accuracy": 55.16717325227963
  },
  "combined": {
    "total_examples": 3080,
    "correct": 2785,
    "accuracy": 90.42207792207793
  }
}