{
  "static": {
    "total_examples": 3680,
    "correct": 2710,
    "accuracy": 73.6413043478261,
    "needs_llm": 970
  },
  "llm": {
    "total_evaluated": 970,
    "correct": 408,
    "accuracy": 42.06185567010309
  },
  "combined": {
    "total_examples": 3680,
    "correct": 3118,
    "accuracy": 84.72826086956522
  }
}