{
  "static": {
    "total_examples": 3680,
    "correct": 2787,
    "accuracy": 75.73369565217392,
    "needs_llm": 893
  },
  "llm": {
    "total_evaluated": 893,
    "correct": 421,
    "accuracy": 47.1444568868981
  },
  "combined": {
    "total_examples": 3680,
    "correct": 3208,
    "accuracy": 87.17391304347825
  }
}