{
  "static": {
    "total_examples": 1200,
    "correct": 833,
    "accuracy": 69.41666666666667,
    "needs_llm": 367
  },
  "llm": {
    "total_evaluated": 367,
    "correct": 223,
    "accuracy": 60.76294277929155
  },
  "combined": {
    "total_examples": 1200,
    "correct": 1056,
    "accuracy": 88.0
  }
}