{
  "static": {
    "total_examples": 3680,
    "correct": 243,
    "accuracy": 6.603260869565217,
    "needs_llm": 3437
  },
  "llm": {
    "total_evaluated": 3437,
    "correct": 40,
    "accuracy": 1.1638056444573754
  },
  "combined": {
    "total_examples": 3680,
    "correct": 283,
    "accuracy": 7.690217391304348
  }
}