{
  "static": {
    "total_examples": 3680,
    "correct": 2773,
    "accuracy": 75.35326086956522,
    "needs_llm": 907
  },
  "llm": {
    "total_evaluated": 907,
    "correct": 418,
    "accuracy": 46.08599779492833
  },
  "combined": {
    "total_examples": 3680,
    "correct": 3191,
    "accuracy": 86.71195652173913
  }
}