{
  "static": {
    "total_examples": 3080,
    "correct": 2351,
    "accuracy": 76.33116883116882,
    "needs_llm": 729
  },
  "llm": {
    "total_evaluated": 729,
    "correct": 405,
    "accuracy": 55.55555555555556
  },
  "combined": {
    "total_examples": 3080,
    "correct": 2756,
    "accuracy": 89.48051948051948
  }
}