{
  "static": {
    "total_examples": 1200,
    "correct": 901,
    "accuracy": 75.08333333333333,
    "needs_llm": 299
  },
  "llm": {
    "total_evaluated": 299,
    "correct": 184,
    "accuracy": 61.53846153846154
  },
  "combined": {
    "total_examples": 1200,
    "correct": 1085,
    "accuracy": 90.41666666666667
  }
}