{
  "static": {
    "total_examples": 3080,
    "correct": 29,
    "accuracy": 0.9415584415584415,
    "needs_llm": 3051
  },
  "llm": {
    "total_evaluated": 3051,
    "correct": 86,
    "accuracy": 2.8187479514913143
  },
  "combined": {
    "total_examples": 3080,
    "correct": 115,
    "accuracy": 3.7337662337662336
  }
}