{
  "static": {
    "total_examples": 3080,
    "correct": 2149,
    "accuracy": 69.77272727272728,
    "needs_llm": 931
  },
  "llm": {
    "total_evaluated": 931,
    "correct": 433,
    "accuracy": 46.50912996777659
  },
  "combined": {
    "total_examples": 3080,
    "correct": 2582,
    "accuracy": 83.83116883116884
  }
}