{
  "static": {
    "total_examples": 1200,
    "correct": 868,
    "accuracy": 72.33333333333334,
    "needs_llm": 332
  },
  "llm": {
    "total_evaluated": 332,
    "correct": 215,
    "accuracy": 64.7590361445783
  },
  "combined": {
    "total_examples": 1200,
    "correct": 1083,
    "accuracy": 90.25
  }
}