{
  "static": {
    "total_examples": 3680,
    "correct": 436,
    "accuracy": 11.847826086956522,
    "needs_llm": 3244
  },
  "llm": {
    "total_evaluated": 3244,
    "correct": 92,
    "accuracy": 2.8360049321824907
  },
  "combined": {
    "total_examples": 3680,
    "correct": 528,
    "accuracy": 14.347826086956522
  }
}