{
  "static": {
    "total_examples": 3080,
    "correct": 2103,
    "accuracy": 68.27922077922078,
    "needs_llm": 977
  },
  "llm": {
    "total_evaluated": 977,
    "correct": 485,
    "accuracy": 49.6417604912999
  },
  "combined": {
    "total_examples": 3080,
    "correct": 2588,
    "accuracy": 84.02597402597402
  }
}