{
  "static": {
    "total_examples": 3080,
    "correct": 2218,
    "accuracy": 72.01298701298701,
    "needs_llm": 862
  },
  "llm": {
    "total_evaluated": 862,
    "correct": 400,
    "accuracy": 46.403712296983755
  },
  "combined": {
    "total_examples": 3080,
    "correct": 2618,
    "accuracy": 85.0
  }
}