{
  "static": {
    "total_examples": 3680,
    "correct": 2597,
    "accuracy": 70.57065217391305,
    "needs_llm": 1083
  },
  "llm": {
    "total_evaluated": 1083,
    "correct": 426,
    "accuracy": 39.335180055401665
  },
  "combined": {
    "total_examples": 3680,
    "correct": 3023,
    "accuracy": 82.14673913043478
  }
}