{
  "static": {
    "total_examples": 3080,
    "correct": 92,
    "accuracy": 2.987012987012987,
    "needs_llm": 2988
  },
  "llm": {
    "total_evaluated": 2988,
    "correct": 75,
    "accuracy": 2.5100401606425704
  },
  "combined": {
    "total_examples": 3080,
    "correct": 167,
    "accuracy": 5.422077922077921
  }
}