{
  "static": {
    "total_examples": 3080,
    "correct": 102,
    "accuracy": 3.3116883116883113,
    "needs_llm": 2978
  },
  "llm": {
    "total_evaluated": 2978,
    "correct": 72,
    "accuracy": 2.41773002014775
  },
  "combined": {
    "total_examples": 3080,
    "correct": 174,
    "accuracy": 5.649350649350649
  }
}