{
  "static": {
    "total_examples": 3080,
    "correct": 2448,
    "accuracy": 79.48051948051949,
    "needs_llm": 632
  },
  "llm": {
    "total_evaluated": 632,
    "correct": 338,
    "accuracy": 53.48101265822785
  },
  "combined": {
    "total_examples": 3080,
    "correct": 2786,
    "accuracy": 90.45454545454545
  }
}