{
  "static": {
    "total_examples": 1200,
    "correct": 897,
    "accuracy": 74.75,
    "needs_llm": 303
  },
  "llm": {
    "total_evaluated": 303,
    "correct": 215,
    "accuracy": 70.95709570957096
  },
  "combined": {
    "total_examples": 1200,
    "correct": 1112,
    "accuracy": 92.66666666666666
  }
}