{
  "static": {
    "total_examples": 1200,
    "correct": 34,
    "accuracy": 2.833333333333333,
    "needs_llm": 1166
  },
  "llm": {
    "total_evaluated": 1166,
    "correct": 69,
    "accuracy": 5.917667238421955
  },
  "combined": {
    "total_examples": 1200,
    "correct": 103,
    "accuracy": 8.583333333333334
  }
}