{
  "static": {
    "total_examples": 1200,
    "correct": 43,
    "accuracy": 3.5833333333333335,
    "needs_llm": 1157
  },
  "llm": {
    "total_evaluated": 1157,
    "correct": 69,
    "accuracy": 5.963699222126189
  },
  "combined": {
    "total_examples": 1200,
    "correct": 112,
    "accuracy": 9.333333333333334
  }
}