{
  "static": {
    "total_examples": 3680,
    "correct": 2460,
    "accuracy": 66.84782608695652,
    "needs_llm": 1220
  },
  "llm": {
    "total_evaluated": 1220,
    "correct": 528,
    "accuracy": 43.278688524590166
  },
  "combined": {
    "total_examples": 3680,
    "correct": 2988,
    "accuracy": 81.19565217391305
  }
}