{
  "static": {
    "total_examples": 3680,
    "correct": 2728,
    "accuracy": 74.1304347826087,
    "needs_llm": 952
  },
  "llm": {
    "total_evaluated": 952,
    "correct": 496,
    "accuracy": 52.10084033613446
  },
  "combined": {
    "total_examples": 3680,
    "correct": 3224,
    "accuracy": 87.60869565217392
  }
}