{
  "static": {
    "total_examples": 3680,
    "correct": 2699,
    "accuracy": 73.34239130434783,
    "needs_llm": 981
  },
  "llm": {
    "total_evaluated": 981,
    "correct": 404,
    "accuracy": 41.18246687054026
  },
  "combined": {
    "total_examples": 3680,
    "correct": 3103,
    "accuracy": 84.32065217391305
  }
}