{
  "static": {
    "total_examples": 1200,
    "correct": 850,
    "accuracy": 70.83333333333334,
    "needs_llm": 350
  },
  "llm": {
    "total_evaluated": 350,
    "correct": 241,
    "accuracy": 68.85714285714286
  },
  "combined": {
    "total_examples": 1200,
    "correct": 1091,
    "accuracy": 90.91666666666667
  }
}