{
  "static": {
    "total_examples": 1200,
    "correct": 92,
    "accuracy": 7.666666666666666,
    "needs_llm": 1108
  },
  "llm": {
    "total_evaluated": 1108,
    "correct": 69,
    "accuracy": 6.227436823104693
  },
  "combined": {
    "total_examples": 1200,
    "correct": 161,
    "accuracy": 13.416666666666666
  }
}