{
  "static": {
    "total_examples": 3680,
    "correct": 2810,
    "accuracy": 76.3586956521739,
    "needs_llm": 870
  },
  "llm": {
    "total_evaluated": 870,
    "correct": 378,
    "accuracy": 43.44827586206896
  },
  "combined": {
    "total_examples": 3680,
    "correct": 3188,
    "accuracy": 86.6304347826087
  }
}