{
  "static": {
    "total_examples": 1200,
    "correct": 819,
    "accuracy": 68.25,
    "needs_llm": 381
  },
  "llm": {
    "total_evaluated": 381,
    "correct": 244,
    "accuracy": 64.04199475065617
  },
  "combined": {
    "total_examples": 1200,
    "correct": 1063,
    "accuracy": 88.58333333333334
  }
}