{
  "static": {
    "total_examples": 3680,
    "correct": 2574,
    "accuracy": 69.94565217391305,
    "needs_llm": 1106
  },
  "llm": {
    "total_evaluated": 1106,
    "correct": 466,
    "accuracy": 42.13381555153707
  },
  "combined": {
    "total_examples": 3680,
    "correct": 3040,
    "accuracy": 82.6086956521739
  }
}