{
  "static": {
    "total_examples": 1200,
    "correct": 41,
    "accuracy": 3.4166666666666665,
    "needs_llm": 1159
  },
  "llm": {
    "total_evaluated": 1159,
    "correct": 74,
    "accuracy": 6.38481449525453
  },
  "combined": {
    "total_examples": 1200,
    "correct": 115,
    "accuracy": 9.583333333333334
  }
}